first_name,last_name,email,image_url,title,cell_phone,office_address_1,office_name,office_city,office_region,office_postal_code,office_country_code,team,owns_team,manager_email,birth_date,hire_date
Kevin,Hartz,kevin@eventbrite.com,https://c1.staticflickr.com/7/6081/6090174163_38925a4e13_z.jpg,Co-founder & CEO,(413) 345-2849,155 5th Street,SF HQ,San Francisco,CA,94115,US,Executive Office,1,,1950-01-13,2009-01-13
Julia,Hartz,julia@eventbrite.com,https://pbs.twimg.com/profile_images/378800000087459003/f1a77f9d1f238f29f0356814a321a41a_400x400.jpeg,Co-founder & President,(413) 345-2849,155 5th Street,SF HQ,San Francisco,CA,94115,US,Executive Office,,kevin@eventbrite.com,1950-01-14,2009-01-14
Pat,Poels,pat@eventbrite.com,https://media.licdn.com/mpr/mpr/shrink_200_200/p/3/000/0b4/08b/3689d38.jpg,VP of Engineering,(413) 345-2849,155 5th Street,SF HQ,San Francisco,CA,94115,US,Engineering,1,kevin@eventbrite.com,1950-01-15,2012-01-15
Dana,Kilian,dana@eventbrite.com,https://ebmedia.eventbrite.com/s3-build/24742-rc2014-11-24-9d4b0f3/django/images/pages/corp/leaders_dana.jpg,VP of Customer Experience,(413) 345-2849,155 5th Street,SF HQ,San Francisco,CA,94115,US,We Rock,1,kevin@eventbrite.com,1950-01-16,2014-01-16
Nels,Gilbreth,nels@eventbrite.com,https://lh6.googleusercontent.com/-NJ4RwNbumuU/AAAAAAAAAAI/AAAAAAAAAAA/YWPqiqVGxYg/photo.jpg,VP of Finance,(413) 345-2849,155 5th Street,SF HQ,San Francisco,CA,94115,US,Finance,,mark@eventbrite.com,1950-01-17,2011-01-17
Mark,Rubash,mark@eventbrite.com,https://ebmedia.eventbrite.com/s3-build/24742-rc2014-11-24-9d4b0f3/django/images/pages/corp/leaders_mark.jpg,CFO,(413) 345-2849,155 5th Street,SF HQ,San Francisco,CA,94115,US,Finance,1,kevin@eventbrite.com,1950-01-18,2014-01-18
Renaud,Visage,renaud@eventbrite.com,http://pioneers.io/wp-content/uploads/2013/06/renaud-vis.jpeg,Co-founder & CTO,(413) 345-2849,155 5th Street,SF HQ,San Francisco,CA,94115,US,Engineering,,pat@eventbrite.com,1950-01-19,2014-01-19
Matt,Rosenberg,matt@eventbrite.com,https://lh3.googleusercontent.com/-qFF2jxRZ4fQ/AAAAAAAAAAI/AAAAAAAAAAA/sBsj373UlJg/photo.jpg,SVP of Sales & Business Development,(413) 345-2849,155 5th Street,SF HQ,San Francisco,CA,94115,US,Sales,1,kevin@eventbrite.com,1950-01-20,2014-01-20
Tamara,Mendelson,tamara@eventbrite.com,http://therealtimereport.com/wp-content/uploads/2011/04/Tamara-Mendelsohn.png,VP of Marketing,(413) 345-2849,155 5th Street,SF HQ,San Francisco,CA,94115,US,Marketing,1,kevin@eventbrite.com,1950-01-21,2014-01-21
Randy,Befumo,randy@eventbrite.com,https://media.licdn.com/mpr/mpr/shrink_200_200/p/8/005/035/134/3236356.jpg,VP of Strategy,(413) 345-2849,155 5th Street,SF HQ,San Francisco,CA,94115,US,Strategy,1,kevin@eventbrite.com,1950-01-22,2014-01-22
Laurent,Sellier,laurent@eventbrite.com,http://m.c.lnkd.licdn.com/mpr/mpr/shrink_200_200/p/3/000/1e9/0cd/0a6c458.jpg,VP of Product,(413) 345-2849,155 5th Street,SF HQ,San Francisco,CA,94115,US,Product,1,kevin@eventbrite.com,1950-01-23,2015-01-09
April,Chang,april@eventbrite.com,http://ww1.prweb.com/prfiles/2014/06/09/11929860/gI_64610_April%202014%20Headshot.png,"VP of Engineering, Consumer",(413) 345-2849,155 5th Street,SF HQ,San Francisco,CA,94115,US,Consumer Growth,1,pat@eventbrite.com,1950-01-24,2015-01-07